<?xml version="1.0" encoding="UTF-8"?>

<!-- The core configuration file for the framework is the default (struts.xml) file
and should reside on the classpath of the webapp (generally /WEB-INF/classes). -->

<!DOCTYPE struts PUBLIC
    "-//Apache Software Foundation//DTD Struts Configuration 2.0//EN"
    "http://struts.apache.org/dtds/struts-2.0.dtd">

<struts>

    <!-- devMode equals debug information and reload everything for every request -->
    <constant name="struts.devMode" value="true"/>
    <constant name="struts.ui.theme" value="simple"/>
    <constant name="struts.action.excludePattern" value="/meta2/ws"/>

    <package name="meta2" extends="struts-default,json-default">


        <default-action-ref name="indexView"/>


        <global-results>
            <result name="error">/error.jsp</result>
        </global-results>

        <!-- all exceptions not caught by the application will lead to error.jsp -->
        <global-exception-mappings>
            <exception-mapping exception="java.lang.Exception" result="error" />
        </global-exception-mappings>

        <!-- 'index' action leads to the view provided by index.jsp -->
        <action name="indexView">
            <result>/index.jsp</result>
        </action>

        <action name="registerView">
            <result>/register.jsp</result>
        </action>

        <action name="loginView">
            <result>/login.jsp</result>
        </action>

        <action name="searchResultsView">
            <result>/searchResults.jsp</result>
        </action>

        <action name="rtsView" class="meta2.action.RtsAction">
            <result name="success">/rts.jsp</result>
            <result name="error">/error.jsp</result>
        </action>

        <action name="registerAction" class="meta2.action.AuthAction" method="execute">
            <param name="type">register</param>
            <result name="success">/register.jsp</result>
            <result name="none">/register.jsp</result>
            <result name="error">/error.jsp</result>
        </action>

        <action name="loginAction" class="meta2.action.AuthAction" method="execute">
            <param name="type">login</param>
            <result name="success">/login.jsp</result>
            <result name="none">/login.jsp</result>
            <result name="error">/error.jsp</result>
        </action>

        <action name="logoutAction" class="meta2.action.LogoutAction">
            <result name="success">/index.jsp</result>
            <result name="error">/error.jsp</result>
        </action>

        <action name="loginFacebook" class="meta2.action.FacebookLoginAction" method="execute">
            <param name="isFacebookLogin">true</param>
            <result name="success">/facebookLogin.jsp</result>
            <result name="error">/error.jsp</result>
        </action>

        <action name="associateFacebookAction" class="meta2.action.FacebookLoginAction" method="execute">
            <param name="isFacebookLogin">false</param>
            <result name="success">/facebookLogin.jsp</result>
            <result name="error">/error.jsp</result>
        </action>

        <action name="exchangeAction" class="meta2.action.ExchangeAction" method="execute">
            <result name="success">/login.jsp</result>
            <result name="login">/index.jsp</result>
            <result name="error">/error.jsp</result>
        </action>

        <action name="facebookShare" class="meta2.action.FacebookShareAction" method="execute">
            <result name="success">/facebookLogin.jsp</result>
            <result name="error">/error.jsp</result>
        </action>

        <action name="searchAction" class="meta2.action.SearchAction" method="execute">
            <param name="redirect">false</param>
            <result name="success">/searchResults.jsp</result>
            <result name="none">/index.jsp</result>
            <result name="error">/error.jsp</result>
        </action>

        <action name="searchRedirectAction" class="meta2.action.SearchAction" method="execute">
            <param name="redirect">true</param>
            <result name="success">/searchResults.jsp</result>
            <result name="none">/index.jsp</result>
            <result name="error">/error.jsp</result>
        </action>

        <action name="searchHistoryAction" class="meta2.action.SearchHistoryAction" method="execute">
            <result name="success">/searchHistory.jsp</result>
            <result name="error">/error.jsp</result>
        </action>

        <action name="linksPointingAction" class="meta2.action.LinksPointingAction" method="execute">
            <result name="success">/linksPointing.jsp</result>
            <result name="error">/error.jsp</result>
        </action>

        <action name="indexNewUrlAction" class="meta2.action.IndexNewUrlAction" method="execute">
            <result name="success">/indexNewUrl.jsp</result>
            <result name="error">/error.jsp</result>
        </action>



        <action name="translateAction" class="meta2.action.TranslateAction" method="execute">
            <result type="json">
                <param name="root">result</param>
            </result>
            <result name="error">/error.jsp</result>
        </action>

        <action name="adminPrivilegesAction" class="meta2.action.AdminPrivilegesAction" method="execute">
            <result name="success">/adminPrivileges.jsp</result>
            <result name="error">/error.jsp</result>
        </action>

    </package>

</struts>